Date,Open,High,Low,Close,Adj Close,Volume
2022-01-03,364.339996337891,365.850006103516,362.299987792969,365.679992675781,352.397277832031,5624100
2022-01-04,367.339996337891,369.209991455078,367.209991455078,367.869995117187,354.507781982422,5462200
2022-01-05,367.709991455078,369.5,363.980010986328,364.089996337891,350.865081787109,7638000
2022-01-06,364.109985351562,364.649993896484,361.959991455078,362.390014648438,349.226745605469,7019800
2022-01-07,361.890014648437,363.869995117187,361.130004882812,362.309997558594,349.149658203125,5806300
2022-01-10,361.070007324219,361.220001220703,356.440002441406,360.790008544922,347.684936523437,8091800
2022-01-11,360.690002441406,362.75,357.700012207031,362.540008544922,349.371398925781,7310900
2022-01-12,363.730010986328,364.559997558594,361.670013427734,362.950012207031,349.766448974609,4493200
2022-01-13,364.209991455078,365.130004882812,360.450012207031,361.200012207031,348.080078125,6418100
2022-01-14,358.209991455078,359.799987792969,356.399993896484,359.140014648437,346.094879150391,8575400
2022-01-18,355.329986572266,355.359985351562,352.619995117188,353.850006103516,340.997039794922,8166100
2022-01-19,354.910003662109,355.549987792969,350.209991455078,350.350006103516,337.624114990234,7386500
2022-01-20,351.480010986328,355.049987792969,346.809997558594,347.329986572266,334.713806152344,8968700
2022-01-21,347.089996337891,348.850006103516,342.140014648437,342.350006103516,330.159973144531,16301600
2022-01-24,338.429992675781,344.119995117188,331.350006103516,343.809997558594,331.567932128906,29707000
2022-01-25,340.260009765625,345.790008544922,335.339996337891,342.959991455078,330.748291015625,18657900
2022-01-26,346.040008544922,348,338.529998779297,341.459991455078,329.301605224609,19047300
2022-01-27,344.399993896484,347.630004882812,339.890014648437,341.549987792969,329.388458251953,12854100
2022-01-28,341.859985351562,347.179992675781,337.899993896484,347.109985351562,334.750396728516,12008900
2022-01-31,345.779998779297,351.359985351562,344.720001220703,351.079986572266,338.579132080078,8379100
2022-02-01,351.660003662109,354.269989013672,349.679992675781,353.940002441406,341.337249755859,7636000
2022-02-02,353.589996337891,356.660003662109,352.760009765625,356.029998779297,343.352813720703,8856400
2022-02-03,354.820007324219,355.220001220703,350.579986572266,350.980010986328,338.482696533203,9339900
2022-02-04,350.399993896484,353.25,347.820007324219,350.869995117187,338.376586914063,8532300
2022-02-07,351.260009765625,353.160003662109,349.829986572266,350.899993896484,338.405609130859,4746200
2022-02-08,351.600006103516,355.350006103516,350.790008544922,354.540008544922,341.915985107422,4568400
2022-02-09,357.350006103516,358.100006103516,356.660003662109,357.670013427734,344.934509277344,4781700
2022-02-10,354.779998779297,358.059997558594,351.029998779297,352.549987792969,339.996765136719,10298500
2022-02-11,352.459991455078,354.420013427734,346.230010986328,347.290008544922,334.924041748047,8211500
2022-02-14,346.720001220703,347.549987792969,343.200012207031,345.890014648438,333.573974609375,7315100
2022-02-15,348.929992675781,350.760009765625,348.350006103516,350.220001220703,337.749755859375,4932200
2022-02-16,348.760009765625,350.720001220703,346.709991455078,349.670013427734,337.219360351562,4496500
2022-02-17,347.429992675781,347.709991455078,342.859985351562,343.679992675781,331.442626953125,4433500
2022-02-18,342.899993896484,344.200012207031,339.670013427734,340.980010986328,329.336151123047,6193700
2022-02-22,338.790008544922,340.260009765625,333.579986572266,336.010009765625,324.535797119141,7942700
2022-02-23,338.160003662109,338.260009765625,330.820007324219,331.519989013672,320.199127197266,5732600
2022-02-24,322.820007324219,332.739990234375,322.690002441406,332.339996337891,320.991119384766,14167100
2022-02-25,333.679992675781,341.019989013672,333.059997558594,340.540008544922,328.911071777344,9496300
2022-02-28,335.950012207031,339.820007324219,334.790008544922,339.339996337891,327.752105712891,8217300
2022-03-01,337.269989013672,339.019989013672,331.329986572266,333.160003662109,321.783111572266,8532900
2022-03-02,335.269989013672,340.450012207031,334.690002441406,339,327.423736572266,6836200
2022-03-03,340.709991455078,342.089996337891,336.679992675781,338.130004882812,326.583465576172,7790700
2022-03-04,334.609985351562,336.869995117187,332.799987792969,336.470001220703,324.980072021484,6025000
2022-03-07,335.200012207031,335.329986572266,328.339996337891,328.470001220703,317.253295898437,6590800
2022-03-08,328.489990234375,334.399993896484,326.059997558594,326.529998779297,315.379608154297,8209800
2022-03-09,333.119995117187,335.040008544922,331.570007324219,333.399993896484,322.014923095703,4669200
2022-03-10,329.320007324219,332.850006103516,328.679992675781,332.109985351562,320.768951416016,3317400
2022-03-11,334.100006103516,335.730010986328,329.690002441406,330.019989013672,318.750366210937,6923400
2022-03-14,331.75,334.600006103516,328.790008544922,330.070007324219,318.798645019531,5640600
2022-03-15,332,336.850006103516,331.109985351562,336.190002441406,324.709716796875,6648500
2022-03-16,339.190002441406,341.420013427734,334.540008544922,341.359985351562,329.703186035156,9577100
2022-03-17,339.940002441406,345.589996337891,339.609985351562,345.450012207031,333.653503417969,6032900
2022-03-18,343.619995117187,347.440002441406,342.649993896484,347.190002441406,336.085113525391,5903900
2022-03-21,346.609985351562,347.929992675781,343.299987792969,345.440002441406,334.391052246094,4329900
2022-03-22,347.119995117187,348.720001220703,346.859985351562,348.140014648438,337.004699707031,4430800
2022-03-23,345.75,346.440002441406,343.350006103516,343.410003662109,332.426055908203,4098700
2022-03-24,344.489990234375,347.059997558594,343.440002441406,347.059997558594,335.959197998047,3550000
2022-03-25,347.799987792969,349.320007324219,346.190002441406,348.540008544922,337.391906738281,3206200
2022-03-28,347.75,349.489990234375,345.380004882812,349.489990234375,338.3115234375,2962400
2022-03-29,352.660003662109,353.709991455078,350.130004882813,352.970001220703,341.680236816406,4711800
2022-03-30,352.149993896484,353.470001220703,350.440002441406,352.119995117187,340.857421875,3909800
2022-03-31,351.070007324219,351.570007324219,346.760009765625,346.829986572266,335.736572265625,3978900
2022-04-01,348.149993896484,348.350006103516,345.239990234375,348.010009765625,336.878875732422,3560200
2022-04-04,347.640014648437,349.279998779297,346.029998779297,349.239990234375,338.069519042969,3829900
2022-04-05,347.820007324219,351.049987792969,345.5,346.339996337891,335.262298583984,4331700
2022-04-06,343.589996337891,346.059997558594,342.700012207031,344.75,333.72314453125,5431300
2022-04-07,343.769989013672,347.100006103516,341.890014648438,345.970001220703,334.904113769531,4599900
2022-04-08,345.709991455078,349.119995117187,344.649993896484,347.369995117187,336.259338378906,4535900
2022-04-11,345.359985351562,347.079986572266,342.739990234375,343.200012207031,332.222747802734,5344400
2022-04-12,344.410003662109,346.75,341,342.220001220703,331.274078369141,4501400
2022-04-13,341.690002441406,346.049987792969,341.540008544922,345.760009765625,334.700866699219,3605000
2022-04-14,346.709991455078,348.730010986328,344.25,344.290008544922,333.399383544922,4179600
2022-04-18,343.869995117188,346.070007324219,342.630004882812,344.100006103516,333.215393066406,3939000
2022-04-19,344.290008544922,349.739990234375,344.25,349.119995117187,338.076568603516,4261200
2022-04-20,351.059997558594,353.070007324219,350.279998779297,351.529998779297,340.410339355469,5677000
2022-04-21,353.959991455078,354.880004882812,347.179992675781,347.709991455078,336.711151123047,5369600
2022-04-22,346.339996337891,346.410003662109,337.739990234375,338.269989013672,327.56982421875,6855100
2022-04-25,336.450012207031,341.079986572266,333.200012207031,340.559997558594,329.787414550781,6806600
2022-04-26,338.029998779297,339.049987792969,332.269989013672,332.450012207031,321.933868408203,7619800
2022-04-27,333.880004882812,337,331.079986572266,333.029998779297,322.495574951172,6894400
2022-04-28,335.239990234375,340.540008544922,332.489990234375,339.290008544922,328.557556152344,5976600
2022-04-29,337.619995117188,339.230010986328,329.100006103516,329.690002441406,319.26123046875,6495600
2022-05-02,330.350006103516,332.339996337891,324.459991455078,330.739990234375,320.278015136719,9221700
2022-05-03,331.179992675781,333.420013427734,329.109985351562,331.25,320.771881103516,6051000
2022-05-04,331.799987792969,341.170013427734,330.200012207031,340.589996337891,329.816467285156,10569700
2022-05-05,337.829986572266,338.239990234375,326.890014648438,330.239990234375,319.793762207031,9101200
2022-05-06,327.739990234375,330.649993896484,324.75,329.070007324219,318.660888671875,10644200
2022-05-09,324.980010986328,326.369995117187,321.369995117188,322.600006103516,312.3955078125,7817200
2022-05-10,326.5,327.609985351563,319.059997558594,321.829986572266,311.649810791016,7716500
2022-05-11,321.739990234375,326.070007324219,318.160003662109,318.459991455078,308.386413574219,9374700
2022-05-12,316.600006103516,319.429992675781,312.529998779297,317.640014648437,307.592376708984,6790800
2022-05-13,320.329986572266,323.029998779297,318.850006103516,322.230010986328,312.037170410156,4236700
2022-05-16,321.709991455078,325.570007324219,319.700012207031,322.779998779297,312.569793701172,3692600
2022-05-17,326.829986572266,327.369995117188,323.459991455078,327.100006103516,316.753173828125,3316800
2022-05-18,324.209991455078,324.390014648437,314.429992675781,315.549987792969,305.568450927734,3659000
2022-05-19,312.119995117187,316.350006103516,310.829986572266,313.179992675781,303.2734375,3836700
2022-05-20,314.790008544922,315.070007324219,306.279998779297,312.420013427734,303.258941650391,4654000
2022-05-23,315.320007324219,319.649993896484,314.779998779297,318.839996337891,309.490600585938,4484600
2022-05-24,316.570007324219,320.149993896484,313.619995117187,319.390014648437,310.024536132812,5260500
2022-05-25,317.980010986328,322.540008544922,317.450012207031,321.279998779297,311.859100341797,4612800
2022-05-26,322.950012207031,327.769989013672,322.899993896484,326.450012207031,316.877471923828,3270200
2022-05-27,327.049987792969,332.130004882812,326.820007324219,332.070007324219,322.332641601563,2773100
2022-05-31,330.170013427734,332.549987792969,327.660003662109,330.200012207031,320.517547607422,4354000
2022-06-01,332.410003662109,332.950012207031,326.100006103516,328.359985351562,318.731475830078,3721400
2022-06-02,328.549987792969,332.779998779297,325.359985351563,332.769989013672,323.01220703125,3718800
2022-06-03,329.869995117187,331.730010986328,328.730010986328,329.350006103516,319.692443847656,4150900
2022-06-06,331.589996337891,332.739990234375,328.529998779297,329.450012207031,319.78955078125,1957600
2022-06-07,326.820007324219,332.470001220703,326.820007324219,332.170013427734,322.429748535156,2424000
2022-06-08,330.559997558594,331.929992675781,328.559997558594,329.380004882813,319.721527099609,2032900
2022-06-09,328.160003662109,329.989990234375,323,323,313.528686523437,2591500
2022-06-10,318.309997558594,318.769989013672,314.320007324219,314.369995117187,305.151672363281,4484700
2022-06-13,307.5,309.619995117187,304.160003662109,305.579986572266,296.619415283203,6317200
2022-06-14,306.609985351563,307.429992675781,301.929992675781,304.299987792969,295.376983642578,3724000
2022-06-15,306.399993896484,310.679992675781,302.260009765625,307.230010986328,298.221099853516,7060900
2022-06-16,301.369995117187,301.660003662109,298.019989013672,299.899993896484,291.106018066406,4943500
2022-06-17,298.269989013672,301.579986572266,296.390014648437,298.720001220703,290.631195068359,4738000
2022-06-21,303.079986572266,306.470001220703,302.619995117188,305.290008544922,297.023315429687,3246500
2022-06-22,301.529998779297,307.679992675781,301.329986572266,304.609985351563,296.361663818359,6361200
2022-06-23,305.670013427734,307.059997558594,302.779998779297,306.739990234375,298.433990478516,3582600
2022-06-24,309.200012207031,315.119995117188,309.119995117187,315.019989013672,306.489776611328,3314800
2022-06-27,315.399993896484,315.890014648437,313.380004882812,314.359985351562,305.847686767578,1896500
2022-06-28,316,318.75,309.230010986328,309.339996337891,300.963653564453,3025900
2022-06-29,310.399993896484,311.480010986328,308.829986572266,310.049987792969,301.654388427734,2462800
2022-06-30,306.75,309.820007324219,304.25,307.820007324219,299.484832763672,4117800
2022-07-01,307.399993896484,311.309997558594,304.769989013672,310.850006103516,302.432678222656,3315000
2022-07-05,306.600006103516,309.760009765625,303.579986572266,309.709991455078,301.323608398437,3767700
2022-07-06,310,312.290008544922,307.940002441406,310.410003662109,302.004638671875,2493300
2022-07-07,312.540008544922,314.269989013672,311.609985351562,313.950012207031,305.448760986328,2267500
2022-07-08,313.5,315.140014648437,312.170013427734,313.459991455078,304.972137451172,2094300
2022-07-11,311.660003662109,313.739990234375,311.170013427734,311.700012207031,303.259735107422,2633200
2022-07-12,310.559997558594,313.549987792969,308.600006103516,309.970001220703,301.576538085938,2806000
2022-07-13,306.190002441406,309.940002441406,305.109985351562,307.75,299.416656494141,3481200
2022-07-14,302.660003662109,306.859985351563,301.470001220703,306.399993896484,298.103240966797,2893100
2022-07-15,310.809997558594,312.779998779297,309.149993896484,312.660003662109,304.320892333984,3027500
2022-07-18,315.760009765625,316.350006103516,309.730010986328,310.649993896484,302.364440917969,2344900
2022-07-19,313.070007324219,318.399993896484,312.660003662109,318.109985351562,309.625518798828,3004900
2022-07-20,318.239990234375,319.429992675781,316.450012207031,318.739990234375,310.238708496094,3243000
2022-07-21,317.630004882812,320.459991455078,315.380004882812,320.410003662109,311.864166259766,2159800
2022-07-22,321.760009765625,322.200012207031,317.339996337891,319.059997558594,310.550201416016,3264100
2022-07-25,320.070007324219,320.390014648437,318.25,319.959991455078,311.426239013672,4002500
2022-07-26,318.890014648438,319.480010986328,317.100006103516,317.540008544922,309.070739746094,2101700
2022-07-27,318.880004882813,323.440002441406,318.040008544922,322.010009765625,313.421478271484,3338100
2022-07-28,322.450012207031,326.119995117187,319.809997558594,325.230010986328,316.5556640625,2688400
2022-07-29,325.519989013672,329.269989013672,324.920013427734,328.660003662109,319.894134521484,3225600
2022-08-01,326.910003662109,329.720001220703,326.450012207031,328.040008544922,319.290710449219,2745500
2022-08-02,326.970001220703,327.779998779297,323.899993896484,324.040008544922,315.397369384766,5394600
2022-08-03,325.700012207031,329.140014648438,325.140014648438,328.160003662109,319.407470703125,2564600
2022-08-04,327.690002441406,328.359985351562,326.549987792969,327.359985351563,318.628875732422,2426400
2022-08-05,325.070007324219,328.190002441406,324.929992675781,327.970001220703,319.222503662109,2672400
2022-08-08,329.809997558594,331.119995117187,327.709991455078,328.420013427734,319.660583496094,2528800
2022-08-09,328.279998779297,328.940002441406,327.190002441406,327.910003662109,319.164154052734,1655100
2022-08-10,332.600006103516,333.829986572266,331.959991455078,333.200012207031,324.313018798828,2934400
2022-08-11,335.820007324219,336.799987792969,333.179992675781,333.709991455078,324.809417724609,2401600
2022-08-12,334.799987792969,337.920013427734,334.190002441406,337.829986572266,328.819549560547,2606900
2022-08-15,336.109985351563,339.850006103516,336.059997558594,339.369995117187,330.318511962891,1936500
2022-08-16,338.820007324219,343.089996337891,338.75,341.739990234375,332.625213623047,3897100
2022-08-17,339.670013427734,342.059997558594,338.700012207031,340.200012207031,331.126373291016,2960300
2022-08-18,340.200012207031,341,338.970001220703,340.579986572266,331.496154785156,1850900
2022-08-19,338.350006103516,338.660003662109,336.260009765625,337.040008544922,328.683746337891,2010300
2022-08-22,333.109985351562,333.519989013672,330.160003662109,330.760009765625,322.559356689453,2684500
2022-08-23,330.309997558594,331.450012207031,328.640014648437,329.109985351562,320.950286865234,2897200
2022-08-24,328.929992675781,331.029998779297,328.329986572266,329.859985351563,321.681671142578,2581700
2022-08-25,330.089996337891,333.149993896484,329,333.149993896484,324.890197753906,2498900
2022-08-26,333.489990234375,333.670013427734,322.820007324219,322.929992675781,314.923492431641,4191000
2022-08-29,320.540008544922,323.329986572266,319.75,321.100006103516,313.138946533203,2896900
2022-08-30,322.089996337891,322.170013427734,316.570007324219,318.040008544922,310.154846191406,2926300
2022-08-31,318.459991455078,320.170013427734,315.600006103516,315.649993896484,307.824035644531,2981600
2022-09-01,314.290008544922,317.25,312.700012207031,317.059997558594,309.199096679687,3228000
2022-09-02,319.769989013672,320.75,312.309997558594,313.760009765625,305.980926513672,3826200
2022-09-06,314.549987792969,315.200012207031,310.929992675781,312.200012207031,304.459564208984,3320400
2022-09-07,311.640014648437,316.940002441406,311.450012207031,316.329986572266,308.487121582031,2520200
2022-09-08,314.690002441406,318.399993896484,313.679992675781,318.239990234375,310.349822998047,3301100
2022-09-09,320.079986572266,322.940002441406,319.5,322.279998779297,314.289672851562,2479300
2022-09-12,323.290008544922,325.679992675781,323.209991455078,324.570007324219,316.522857666016,2486900
2022-09-13,318.799987792969,319.589996337891,310.829986572266,311.730010986328,304.001281738281,4301200
2022-09-14,312.359985351562,313.480010986328,309.529998779297,312.059997558594,304.323059082031,2868800
2022-09-15,311.630004882812,313.519989013672,309.529998779297,310.359985351562,302.665222167969,3294600
2022-09-16,305.959991455078,308.579986572266,305.350006103516,308.049987792969,301.211181640625,4071000
2022-09-19,305.369995117187,310.190002441406,305.290008544922,310.149993896484,303.264526367187,2730000
2022-09-20,307.690002441406,307.989990234375,304.579986572266,307.019989013672,300.204071044922,2822800
2022-09-21,308.519989013672,310.269989013672,301.720001220703,301.809997558594,295.109710693359,5110700
2022-09-22,301.559997558594,302.970001220703,299.890014648438,300.519989013672,293.848358154297,3492500
2022-09-23,297.820007324219,298,292.399993896484,295.859985351562,289.291778564453,4949300
2022-09-26,294.600006103516,296.239990234375,291.5,292.720001220703,286.221557617187,4143400
2022-09-27,294.779998779297,296.529998779297,289.5,291.299987792969,284.8330078125,3681000
2022-09-28,292.350006103516,298.029998779297,291.049987792969,296.730010986328,290.142578125,3995700
2022-09-29,294.769989013672,294.850006103516,289.850006103516,292.209991455078,285.722900390625,3351100
2022-09-30,291.209991455078,293.459991455078,287.040008544922,287.299987792969,280.921875,3827200
2022-10-03,290.559997558594,296.369995117188,289.470001220703,294.790008544922,288.245574951172,3457600
2022-10-04,298.609985351563,303.179992675781,298.440002441406,303.140014648437,296.410186767578,4163800
2022-10-05,299.730010986328,304.549987792969,298.799987792969,302.790008544922,296.067962646484,2746900
2022-10-06,301.470001220703,303.309997558594,298.609985351563,299.230010986328,292.587005615234,3081700
2022-10-07,296.730010986328,296.890014648437,291.440002441406,292.970001220703,286.465942382812,3029300
2022-10-10,294.279998779297,294.920013427734,290.089996337891,291.959991455078,285.478363037109,3154500
2022-10-11,291.179992675781,296.140014648437,290.720001220703,292.290008544922,285.801116943359,3849900
2022-10-12,292.459991455078,294.570007324219,291.369995117187,292.160003662109,285.673980712891,4378700
2022-10-13,287.140014648437,301.730010986328,286.619995117187,300.559997558594,293.887512207031,7389600
2022-10-14,302.540008544922,304.359985351562,296.190002441406,296.820007324219,290.230529785156,5519400
2022-10-17,300.890014648437,303.209991455078,299.980010986328,302.059997558594,295.354187011719,3555700
2022-10-18,308.260009765625,308.380004882813,303.040008544922,305.470001220703,298.688507080078,4685500
2022-10-19,304.339996337891,306.649993896484,302.290008544922,304.350006103516,297.593292236328,2939800
2022-10-20,304.829986572266,308.369995117187,302.739990234375,303.309997558594,296.576446533203,3574700
2022-10-21,303.079986572266,311.200012207031,302.010009765625,310.880004882812,304.160919189453,5357200
2022-10-24,312.529998779297,316,311.600006103516,315.049987792969,308.240753173828,4331700
2022-10-25,314.350006103516,318.779998779297,314.109985351562,318.489990234375,311.606384277344,6024800
2022-10-26,317.980010986328,321.720001220703,317.769989013672,318.380004882812,311.498779296875,4991800
2022-10-27,321.559997558594,323.869995117187,319.920013427734,320.459991455078,313.533782958984,4262200
2022-10-28,321.769989013672,328.890014648437,321.459991455078,328.579986572266,321.478332519531,5251400
2022-10-31,326.920013427734,328.820007324219,325.859985351562,327.420013427734,320.343444824219,5128200
2022-11-01,329.369995117188,329.829986572266,324.799987792969,326.410003662109,319.355224609375,4376400
2022-11-02,325.459991455078,330.75,321.320007324219,321.359985351563,314.414367675781,7110300
2022-11-03,319.350006103516,321.850006103516,317.179992675781,319.869995117187,312.956512451172,4112700
2022-11-04,323.609985351563,326.140014648437,319.339996337891,324.140014648437,317.134368896484,6263700
2022-11-07,325.140014648438,328.950012207031,324.149993896484,328.420013427734,321.321746826172,4518300
2022-11-08,329.470001220703,333.559997558594,328.290008544922,331.709991455078,324.540679931641,6349000
2022-11-09,329.709991455078,330.869995117187,324.959991455078,325.339996337891,318.308319091797,4799200
2022-11-10,334.220001220703,337.489990234375,331.880004882812,337.260009765625,329.970733642578,6002300
2022-11-11,337.899993896484,338.369995117187,334.140014648437,337.790008544922,330.4892578125,5190700
2022-11-14,336.709991455078,339.869995117188,335.559997558594,335.769989013672,328.512878417969,3303300
2022-11-15,338.489990234375,340.119995117188,333.420013427734,336.209991455078,328.943359375,4824100
2022-11-16,335.670013427734,337.25,335.549987792969,336.070007324219,328.806427001953,3085500
2022-11-17,332.730010986328,336.779998779297,332.730010986328,336.100006103516,328.835876464844,3606500
2022-11-18,337.459991455078,338.149993896484,335.260009765625,337.369995117187,330.748504638672,3659100
2022-11-21,337.660003662109,338.649993896484,335.529998779297,337.049987792969,330.434753417969,2304100
2022-11-22,338.890014648437,341.119995117187,338.390014648437,340.959991455078,334.26806640625,4389400
2022-11-23,340.609985351562,342.579986572266,339.989990234375,341.950012207031,335.238616943359,3108500
2022-11-25,342.089996337891,343.799987792969,342.029998779297,343.519989013672,336.777770996094,1498300
2022-11-28,341.690002441406,342.980010986328,337.950012207031,338.489990234375,331.846527099609,3089800
2022-11-29,337.929992675781,339.369995117187,336.609985351562,338.480010986328,331.836791992187,2943600
2022-11-30,338.649993896484,346.190002441406,336.179992675781,346.149993896484,339.356201171875,6940400
2022-12-01,346.75,346.760009765625,341.690002441406,344.410003662109,337.650360107422,5325900
2022-12-02,340.859985351562,345.410003662109,340.859985351562,344.739990234375,337.973846435547,3736500
2022-12-05,342.450012207031,343.309997558594,339.029998779297,340.029998779297,333.356323242187,3827200
2022-12-06,339.769989013672,340.649993896484,334.720001220703,336.459991455078,329.856323242188,5516300
2022-12-07,336.140014648437,338.329986572266,335.540008544922,336.440002441406,329.836791992187,3577100
2022-12-08,337.739990234375,339.649993896484,337.059997558594,338.459991455078,331.817108154297,3278400
2022-12-09,337.670013427734,339.109985351562,335.25,335.369995117187,328.787780761719,3815500
2022-12-12,336.140014648437,340.649993896484,336.059997558594,340.619995117187,333.934722900391,5017300
2022-12-13,348.179992675781,348.220001220703,339.5,341.809997558594,335.101379394531,5274300
2022-12-14,341.779998779297,344.660003662109,337.640014648438,340.220001220703,333.542572021484,5498400
2022-12-15,336.579986572266,337.369995117187,330.779998779297,332.799987792969,326.268188476562,5865600
2022-12-16,329.290008544922,330.5,326.450012207031,328.970001220703,323.241821289063,6672200
2022-12-19,328.869995117187,330.329986572266,325.709991455078,327.380004882813,321.679504394531,3709600
2022-12-20,327.589996337891,329.869995117187,326.410003662109,328.380004882812,322.662139892578,4721700
2022-12-21,331.540008544922,334.329986572266,331.119995117187,333.600006103516,327.791198730469,5086800
2022-12-22,331.5,331.850006103516,325.649993896484,330.260009765625,324.509368896484,4876900
2022-12-23,329.619995117188,332.190002441406,328.059997558594,331.929992675781,326.150268554687,3997900
2022-12-27,332.339996337891,333.820007324219,330.570007324219,332.369995117187,326.582611083984,3098900
2022-12-28,332.690002441406,333.739990234375,328.570007324219,328.570007324219,322.848815917969,3102400
2022-12-29,330.529998779297,332.850006103516,330.130004882812,332.059997558594,326.278045654297,2458800
2022-12-30,330.619995117187,331.399993896484,328.350006103516,331.329986572266,325.560729980469,3881800
2023-01-03,332.420013427734,333.829986572266,328.350006103516,331.220001220703,325.452667236328,3910700
2023-01-04,332.559997558594,334.040008544922,330.200012207031,332.559997558594,326.769256591797,4137300
2023-01-05,330.970001220703,331.149993896484,328.100006103516,329.220001220703,323.487548828125,4350100
2023-01-06,332.179992675781,337.119995117187,329.910003662109,336.279998779297,330.424591064453,4800800
2023-01-09,337.690002441406,339.410003662109,334.920013427734,335.290008544922,329.451782226562,3864000
2023-01-10,334.950012207031,337.329986572266,334.290008544922,337.230010986328,331.358062744141,2277500
2023-01-11,338.399993896484,339.809997558594,337.130004882812,339.760009765625,333.843933105469,3265800
2023-01-12,340.880004882812,343,337.950012207031,342,336.044982910156,4332600
2023-01-13,339.160003662109,343.489990234375,339.109985351562,343.040008544922,337.066833496094,3473400
2023-01-17,342.359985351563,342.75,338.630004882812,339.160003662109,333.254364013672,3929700
2023-01-18,339.570007324219,340.200012207031,332.700012207031,332.970001220703,327.172149658203,5164300
2023-01-19,331.059997558594,332.459991455078,329.970001220703,330.630004882812,324.872924804687,3454200
2023-01-20,330.820007324219,333.730010986328,329.350006103516,333.670013427734,328.137939453125,4120200
2023-01-23,334.690002441406,337.75,333.049987792969,336.170013427734,330.596435546875,3985300
2023-01-24,334.959991455078,337.720001220703,333.700012207031,337.100006103516,331.510986328125,3360900
2023-01-25,334.239990234375,337.640014648438,332.549987792969,337.320007324219,331.727416992187,4318600
2023-01-26,338.450012207031,339.459991455078,336.200012207031,339.359985351562,333.733551025391,2930900
2023-01-27,339.399993896484,341.540008544922,338.160003662109,339.609985351562,333.979400634766,2907400
2023-01-30,338.459991455078,340.429992675781,336.850006103516,337.059997558594,331.4716796875,3032700
2023-01-31,337.600006103516,340.859985351562,336.510009765625,340.829986572266,335.179107666016,2593500
2023-02-01,339.119995117187,343.269989013672,335.579986572266,340.869995117187,335.218475341797,6175400
2023-02-02,341.510009765625,341.510009765625,338.010009765625,340.429992675781,334.785797119141,5169400
2023-02-03,338.769989013672,341.670013427734,337.959991455078,338.980010986328,333.35986328125,6504300
2023-02-06,337.649993896484,339.559997558594,336.690002441406,338.480010986328,332.868194580078,2708400
2023-02-07,336.950012207031,342.309997558594,336.190002441406,341.519989013672,335.857727050781,4969600
2023-02-08,340.369995117187,341.459991455078,338.839996337891,339.420013427734,333.792541503906,2769500
2023-02-09,341.75,342.559997558594,336.059997558594,337.079986572266,331.491333007812,3094700
2023-02-10,336.739990234375,339.010009765625,335.950012207031,338.730010986328,333.114013671875,2523900
2023-02-13,338.880004882812,342.559997558594,338.880004882812,342.549987792969,336.870635986328,2653900
2023-02-14,341.519989013672,343.529998779297,338.410003662109,341.140014648437,335.484008789062,3501100
2023-02-15,339.459991455078,341.670013427734,338.630004882812,341.660003662109,335.995391845703,1967700
2023-02-16,338.5,340.890014648437,337.309997558594,337.390014648438,331.796234130859,3229600
2023-02-17,335.720001220703,338.429992675781,335.079986572266,338.290008544922,333.226470947266,3034200
2023-02-21,334.720001220703,335.940002441406,331.100006103516,331.25,326.291870117188,3142900
2023-02-22,331.75,332.429992675781,329.450012207031,330.519989013672,325.572814941406,2896400
2023-02-23,331.850006103516,332.75,327.980010986328,331.670013427734,326.705596923828,5999600
2023-02-24,327.829986572266,329.140014648438,326.429992675781,328.119995117187,323.208679199219,3764700
2023-02-27,330.730010986328,331.980010986328,328.200012207031,329.059997558594,324.134613037109,2887300
2023-02-28,328.869995117187,328.869995117187,326.510009765625,326.570007324219,321.681915283203,3155300
2023-03-01,326.040008544922,327.820007324219,325.299987792969,327,322.105499267578,3317500
2023-03-02,327.570007324219,331.200012207031,326.799987792969,330.440002441406,325.493927001953,3047500
2023-03-03,331.519989013672,334.429992675781,330.420013427734,334.209991455078,329.207580566406,3033500
2023-03-06,334.630004882812,336.119995117187,334.179992675781,334.679992675781,329.670471191406,2641700
2023-03-07,334.670013427734,334.920013427734,328.720001220703,328.869995117187,323.947418212891,5009200
2023-03-08,328.920013427734,329.5,326.600006103516,328.489990234375,323.573120117187,3169600
2023-03-09,329.720001220703,330.440002441406,322.399993896484,323.079986572266,318.244140625,4760900
2023-03-10,322.540008544922,324.869995117187,318.429992675781,319.730010986328,314.9443359375,7741600
2023-03-13,316.760009765625,323.170013427734,316.660003662109,318.820007324219,314.047912597656,6831600
2023-03-14,322.209991455078,323.709991455078,318.709991455078,322.190002441406,317.367462158203,4760500
2023-03-15,316.899993896484,319.809997558594,314.970001220703,319.540008544922,314.757141113281,6518000
2023-03-16,317.660003662109,323.570007324219,316.429992675781,323.25,318.411560058594,6569900
2023-03-17,320.720001220703,321.089996337891,317.160003662109,318.5,314.567687988281,5314900
2023-03-20,319.329986572266,322.75,319.329986572266,322.299987792969,318.320709228516,4695000
2023-03-21,325.420013427734,325.839996337891,323.339996337891,325.619995117187,321.599731445312,3527300
2023-03-22,325.649993896484,327.559997558594,320.059997558594,320.179992675781,316.226928710938,4378700
2023-03-23,321.329986572266,325.019989013672,318.5,320.839996337891,316.878692626953,4772600
2023-03-24,319.450012207031,322.459991455078,317.910003662109,322.320007324219,318.340515136719,4484900
2023-03-27,324.589996337891,325.570007324219,323.299987792969,324.309997558594,320.305877685547,3550900
2023-03-28,323.989990234375,325.649993896484,322.839996337891,323.809997558594,319.812042236328,2536500
2023-03-29,326.579986572266,327.170013427734,325.290008544922,327.079986572266,323.041717529297,2531700
2023-03-30,328.880004882812,328.950012207031,326.720001220703,328.480010986328,324.424438476562,2487000
2023-03-31,329.589996337891,332.809997558594,329.510009765625,332.619995117187,328.513336181641,2837300
2023-04-03,333.589996337891,336.25,333.510009765625,335.910003662109,331.7626953125,3450700
2023-04-04,335.910003662109,336.260009765625,332.630004882812,333.940002441406,329.817016601562,2449900
2023-04-05,334,335.450012207031,333.760009765625,334.820007324219,330.686157226563,2566600
2023-04-06,334.350006103516,335.309997558594,333.279998779297,334.899993896484,330.76513671875,2333300
2023-04-10,334,335.959991455078,333.429992675781,335.959991455078,331.812072753906,2834200
2023-04-11,336.309997558594,337.869995117188,336.010009765625,336.899993896484,332.740447998047,2343100
2023-04-12,338.609985351562,339.010009765625,335.959991455078,336.609985351562,332.454040527344,3363800
2023-04-13,337.070007324219,340.579986572266,336.070007324219,340.369995117187,336.167633056641,3040900
2023-04-14,339.940002441406,340.850006103516,337.309997558594,338.839996337891,334.656494140625,3107900
2023-04-17,339.119995117187,339.929992675781,337.989990234375,339.920013427734,335.723205566406,2226400
2023-04-18,339.940002441406,340.220001220703,337.899993896484,339.799987792969,335.604675292969,2191100
2023-04-19,339.109985351562,339.630004882813,338.190002441406,338.989990234375,334.804656982422,2854700
2023-04-20,337.429992675781,338.850006103516,336.850006103516,337.950012207031,333.777496337891,2179300
2023-04-21,338.260009765625,338.579986572266,336.809997558594,338.109985351563,334.117462158203,2470100
2023-04-24,337.910003662109,338.910003662109,337.209991455078,338.75,334.749847412109,2288800
2023-04-25,338.170013427734,338.679992675781,335.200012207031,335.329986572266,331.370239257812,2745300
2023-04-26,335.600006103516,336.459991455078,332.309997558594,332.950012207031,329.018402099609,3588400
2023-04-27,334.179992675781,338.579986572266,333.829986572266,338.200012207031,334.206390380859,3066600
2023-04-28,337.190002441406,341.040008544922,337.130004882812,341.029998779297,337.002990722656,3647900
2023-05-01,341.100006103516,342.589996337891,340.260009765625,340.359985351562,336.340881347656,2296200
2023-05-02,339.940002441406,340,334.309997558594,336.869995117187,332.89208984375,3275800
2023-05-03,337.130004882812,338.179992675781,333.929992675781,334.109985351562,330.164703369141,3924100
2023-05-04,333.279998779297,333.589996337891,329.369995117188,331.329986572266,327.417510986328,3576800
2023-05-05,334.260009765625,337.5,333.940002441406,336.730010986328,332.753753662109,3542100
2023-05-08,337.170013427734,337.390014648438,335.089996337891,336.220001220703,332.249755859375,1789900
2023-05-09,335.410003662109,336.679992675781,335.149993896484,335.769989013672,331.805053710938,1924900
2023-05-10,337.399993896484,337.850006103516,332.489990234375,335.489990234375,331.528350830078,3365500
2023-05-11,333.739990234375,333.869995117188,331.470001220703,333.329986572266,329.393890380859,2744700
2023-05-12,334.420013427734,334.450012207031,331.309997558594,333.200012207031,329.265411376953,2635300
2023-05-15,333.510009765625,334.260009765625,331.859985351563,333.769989013672,329.828735351562,2171000
2023-05-16,332.709991455078,333.070007324219,330.279998779297,330.350006103516,326.449127197266,2265200
2023-05-17,332.140014648437,335.170013427734,330.890014648437,334.609985351562,330.658782958984,3068800
2023-05-18,333.899993896484,336.440002441406,332.75,336.059997558594,332.091674804687,3553500
2023-05-19,335.959991455078,336.450012207031,333.220001220703,334.190002441406,330.958770751953,3705100
2023-05-22,334.119995117187,335.149993896484,332.019989013672,332.899993896484,329.681182861328,2555100
2023-05-23,331.760009765625,333.100006103516,330.079986572266,330.609985351562,327.413299560547,2526200
2023-05-24,330,330.239990234375,327.480010986328,328.010009765625,324.838470458984,2978300
2023-05-25,328.070007324219,328.730010986328,325.820007324219,327.75,324.580993652344,3499900
2023-05-26,328.130004882812,331.619995117188,327.920013427734,330.839996337891,327.641082763672,3580000
2023-05-30,330.649993896484,331.320007324219,328.920013427734,330.519989013672,327.32421875,3474500
2023-05-31,329.450012207031,330.170013427734,327.700012207031,329.519989013672,326.333862304687,3067600
2023-06-01,328.910003662109,331.980010986328,327.320007324219,330.940002441406,327.740203857422,3081300
2023-06-02,333.239990234375,338.5,333.109985351562,338.070007324219,334.801177978516,5582600
2023-06-05,338.209991455078,338.480010986328,335.959991455078,336.130004882812,332.879943847656,3415600
2023-06-06,336.029998779297,336.739990234375,334.470001220703,336.170013427734,332.919616699219,2824900
2023-06-07,336.540008544922,337.519989013672,335.929992675781,337.170013427734,333.909912109375,2739000
2023-06-08,337.230010986328,339.260009765625,336.75,338.809997558594,335.534057617187,2700300
2023-06-09,338.570007324219,340.260009765625,338.320007324219,339.269989013672,335.989593505859,3162300
2023-06-12,339.739990234375,341.299987792969,339.230010986328,341.170013427734,337.871246337891,2035500
2023-06-13,341.739990234375,343.630004882812,341.600006103516,342.619995117187,339.307250976562,3259300
2023-06-14,341.390014648437,342.040008544922,338.339996337891,340.420013427734,337.128509521484,3766000
2023-06-15,340.350006103516,345.579986572266,340.179992675781,344.769989013672,341.436431884766,4722500
2023-06-16,345.350006103516,345.730010986328,342.720001220703,342.950012207031,340.400207519531,5574600
2023-06-20,341.299987792969,341.609985351562,339,340.459991455078,337.928680419922,3387200
2023-06-21,339.619995117187,340.910003662109,338.679992675781,339.429992675781,336.906372070312,3050700
2023-06-22,338.940002441406,339.929992675781,338.239990234375,339.339996337891,336.817016601562,2605500
2023-06-23,337.119995117187,338.190002441406,336.220001220703,337.160003662109,334.653228759766,3720500
2023-06-26,336.799987792969,338.079986572266,335.950012207031,337.140014648437,334.633392333984,2301900
2023-06-27,337.100006103516,339.649993896484,337.100006103516,339.230010986328,336.707824707031,1778800
2023-06-28,338.730010986328,338.940002441406,337.429992675781,338.630004882812,336.1123046875,2305000
2023-06-29,338.410003662109,341.390014648437,338.109985351563,341.160003662109,338.623504638672,2902700
2023-06-30,343.220001220703,344.579986572266,342.760009765625,343.850006103516,341.293518066406,3025000
2023-07-03,343,344.529998779297,342.779998779297,344.070007324219,341.511840820313,1698400
2023-07-05,342.380004882812,343.739990234375,342.25,342.809997558594,340.26123046875,2717000
2023-07-06,340.239990234375,340.869995117187,337.700012207031,339.230010986328,336.707824707031,3742400
2023-07-07,337.970001220703,340.399993896484,337.190002441406,337.429992675781,334.921203613281,2849600
2023-07-10,337.399993896484,339.649993896484,337.170013427734,339.579986572266,337.055206298828,2560200
2023-07-11,340.739990234375,342.920013427734,339.950012207031,342.640014648437,340.092498779297,2483200
2023-07-12,344.910003662109,345.899993896484,343.149993896484,343.630004882812,341.075103759766,4140200
2023-07-13,344.339996337891,344.880004882812,343.700012207031,343.920013427734,341.363006591797,2472300
2023-07-14,345.709991455078,345.920013427734,344.510009765625,345.170013427734,342.603668212891,3292300
2023-07-17,344.559997558594,346.700012207031,344.220001220703,345.850006103516,343.278594970703,2860000
2023-07-18,345.649993896484,349.910003662109,345.25,349.579986572266,346.980865478516,4626600
2023-07-19,350.399993896484,352.450012207031,350.399993896484,350.690002441406,348.082672119141,5864300
2023-07-20,351.450012207031,353.890014648437,351.350006103516,352.429992675781,349.809692382812,4561300
2023-07-21,352.809997558594,353.320007324219,351.709991455078,352.140014648438,349.787872314453,2969000
2023-07-24,352.709991455078,354.570007324219,352.529998779297,354.070007324219,351.704956054687,3073700
2023-07-25,353.799987792969,355.179992675781,353.549987792969,354.320007324219,351.953277587891,2548700
2023-07-26,353.140014648437,356.279998779297,353.119995117187,355.25,352.877075195312,3084700
2023-07-27,355.859985351562,356.359985351562,352.040008544922,352.769989013672,350.413635253906,4771000
2023-07-28,354.510009765625,355.549987792969,353.429992675781,354.480010986328,352.112243652344,3219000
2023-07-31,354.570007324219,355.600006103516,354.190002441406,355.570007324219,353.194976806641,2201400
2023-08-01,355.269989013672,356.700012207031,355.140014648437,356.200012207031,353.820709228516,2581900
2023-08-02,354.480010986328,355.200012207031,352.109985351562,352.739990234375,350.383819580078,5061000
2023-08-03,351.600006103516,353.390014648437,351.119995117187,351.989990234375,349.638854980469,3307000
2023-08-04,353.119995117187,354.959991455078,350.200012207031,350.649993896484,348.307800292969,4268300
2023-08-07,352.040008544922,354.869995117187,351.880004882812,354.619995117188,352.251281738281,2390800
2023-08-08,352.420013427734,353.350006103516,349.920013427734,353.019989013672,350.661926269531,3033600
2023-08-09,352.869995117187,353.679992675781,350.540008544922,351.279998779297,348.93359375,2873300
2023-08-10,353.149993896484,355.920013427734,351.190002441406,351.890014648438,349.53955078125,4133500
2023-08-11,351.190002441406,353.720001220703,350.609985351563,353,350.642120361328,2601900
2023-08-14,352.730010986328,353.5,351.769989013672,353.209991455078,350.850708007812,3134100
2023-08-15,351.670013427734,352.019989013672,349.179992675781,349.609985351562,347.274719238281,2818700
2023-08-16,349.299987792969,351.519989013672,347.709991455078,347.769989013672,345.447021484375,3586800
2023-08-17,348.950012207031,349.320007324219,344.820007324219,345.059997558594,342.755126953125,4804100
2023-08-18,342.950012207031,345.910003662109,342.679992675781,345.119995117187,343.322174072266,3524900
2023-08-21,345.299987792969,345.720001220703,342.489990234375,344.670013427734,342.87451171875,3176500
2023-08-22,344.790008544922,345.140014648437,342.570007324219,342.959991455078,341.173400878906,2817000
2023-08-23,343.529998779297,345.399993896484,343.25,344.829986572266,343.03369140625,2605400
2023-08-24,344.320007324219,346.970001220703,340.970001220703,341.029998779297,339.253479003906,3840800
2023-08-25,342.459991455078,344.549987792969,340.350006103516,343.5,341.710632324219,3868500
2023-08-28,345.209991455078,346.670013427734,344.5,345.709991455078,343.909088134766,2382700
2023-08-29,345.559997558594,348.75,345.399993896484,348.619995117187,346.803955078125,3107700
2023-08-30,349.100006103516,350.730010986328,348.519989013672,349.399993896484,347.579864501953,2792900
2023-08-31,350.920013427734,351.279998779297,347.739990234375,347.809997558594,345.998168945312,2901400
2023-09-01,349.929992675781,350.359985351563,347.75,348.980010986328,347.162109375,2531700
2023-09-05,349.079986572266,349.279998779297,346.899993896484,346.980010986328,345.172485351562,1906900
2023-09-06,346.450012207031,346.510009765625,343.459991455078,345,343.202789306641,2748400
2023-09-07,344.459991455078,346.239990234375,344.350006103516,345.690002441406,343.889221191406,2378600
2023-09-08,345.769989013672,347.040008544922,345.480010986328,346.510009765625,344.704956054687,1665900
2023-09-11,348.019989013672,348.589996337891,346.510009765625,347.369995117187,345.560455322266,1722900
2023-09-12,346.640014648437,349.299987792969,346.359985351563,347.209991455078,345.401275634766,1813800
2023-09-13,347.559997558594,348.510009765625,345.820007324219,346.549987792969,344.744720458984,2025200
2023-09-14,348.660003662109,350.630004882812,347.730010986328,349.940002441406,348.117065429687,3489400
2023-09-15,348.260009765625,348.850006103516,345.600006103516,346.140014648437,345.247528076172,3580800
2023-09-18,346.279998779297,347.130004882812,345.309997558594,346.149993896484,345.257446289063,2122800
2023-09-19,345.470001220703,345.809997558594,342.980010986328,345.070007324219,344.180267333984,2740900
2023-09-20,346.040008544922,347.660003662109,344.200012207031,344.320007324219,343.432189941406,3411400
2023-09-21,343.170013427734,343.649993896484,340.470001220703,340.579986572266,339.701812744141,3483700
2023-09-22,340.690002441406,341.429992675781,339.320007324219,339.579986572266,338.704406738281,3376400
2023-09-25,338.730010986328,340.070007324219,337.690002441406,339.980010986328,339.103393554687,3104700
2023-09-26,337.869995117188,338.739990234375,335.549987792969,336.040008544922,335.173553466797,4657300
2023-09-27,336.880004882812,337.149993896484,332.929992675781,335.429992675781,334.565124511719,4442200
2023-09-28,335.320007324219,337.670013427734,334.570007324219,336.619995117187,335.752044677734,4053600
2023-09-29,338.779998779297,338.829986572266,333.910003662109,334.950012207031,334.086334228516,3785800
2023-10-02,334.290008544922,335.019989013672,332.079986572266,334.089996337891,333.228546142578,4192600
2023-10-03,332.839996337891,333.880004882812,329.040008544922,329.980010986328,329.129150390625,4871100
2023-10-04,330.130004882812,331.459991455078,328.609985351562,330.989990234375,330.136566162109,4877100
2023-10-05,330.820007324219,331.75,329.390014648438,331.170013427734,330.316131591797,3172200
2023-10-06,330.350006103516,335.640014648438,328.480010986328,334.100006103516,333.238555908203,4488200
2023-10-09,332.950012207031,336.380004882812,332.589996337891,336.089996337891,335.223419189453,3756300
2023-10-10,337.200012207031,339.010009765625,336.029998779297,337.450012207031,336.579925537109,3769400
2023-10-11,338.190002441406,338.839996337891,336.160003662109,338.029998779297,337.158416748047,2773900
2023-10-12,338.769989013672,338.769989013672,334.570007324219,336.269989013672,335.402923583984,3315000
2023-10-13,337.480010986328,339.609985351562,335.519989013672,336.679992675781,335.811889648437,5154600
2023-10-16,338.769989013672,340.910003662109,338.410003662109,339.890014648437,339.013641357422,3969300
2023-10-17,338.329986572266,341.519989013672,338.269989013672,339.989990234375,339.113342285156,3777800
2023-10-18,339.739990234375,339.970001220703,336,336.630004882812,335.762023925781,4141200
2023-10-19,336.690002441406,338.619995117187,333.760009765625,334.119995117187,333.258483886719,5201800
2023-10-20,333.380004882813,334.230010986328,331.130004882812,331.190002441406,330.521026611328,3959000
2023-10-23,329.899993896484,332.329986572266,328.880004882812,329.320007324219,328.654815673828,3898300
2023-10-24,331,332.700012207031,329.850006103516,331.440002441406,330.770538330078,3583900
2023-10-25,332.220001220703,332.690002441406,329.829986572266,330.350006103516,329.682739257812,3836300
2023-10-26,330.160003662109,331.019989013672,327.359985351563,327.820007324219,327.157836914062,4882600
2023-10-27,327.839996337891,327.880004882812,323.209991455078,324.190002441406,323.535186767578,4757300
2023-10-30,326.390014648437,330.019989013672,326.369995117187,329.230010986328,328.565002441406,4617200
2023-10-31,329.179992675781,330.679992675781,327.839996337891,330.480010986328,329.812469482422,3645800
2023-11-01,330.920013427734,333.359985351562,330.100006103516,332.679992675781,332.008026123047,4546200
2023-11-02,334.779998779297,338.519989013672,334.410003662109,338.390014648437,337.706512451172,5356300
2023-11-03,340.119995117188,341.619995117187,339.390014648438,340.609985351562,339.921997070312,4043800
2023-11-06,340.859985351562,341.640014648438,339.890014648437,341.040008544922,340.351135253906,2766000
2023-11-07,340.730010986328,342.070007324219,340.299987792969,341.540008544922,340.850128173828,2793700
2023-11-08,342.100006103516,342.589996337891,339.940002441406,341.119995117187,340.430969238281,2787900
2023-11-09,342.010009765625,342.049987792969,338.769989013672,339.109985351562,338.425018310547,3940700
2023-11-10,340.809997558594,343.299987792969,339.269989013672,343.010009765625,342.317169189453,3268600
2023-11-13,342.380004882812,344.299987792969,342.230010986328,343.570007324219,342.876037597656,2624500
2023-11-14,347.519989013672,349.519989013672,346.670013427734,348.420013427734,347.716247558594,4815500
2023-11-15,349.290008544922,350.779998779297,348.980010986328,350.269989013672,349.5625,3149400
2023-11-16,349.579986572266,350.799987792969,348.75,350.019989013672,349.31298828125,3848000
2023-11-17,349.779998779297,350.220001220703,348.730010986328,349.429992675781,349.429992675781,2059200
2023-11-20,349.100006103516,352.239990234375,349.070007324219,351.519989013672,351.519989013672,2904300
2023-11-21,351.109985351562,351.209991455078,350.359985351563,350.820007324219,350.820007324219,1849500
2023-11-22,351.890014648438,353.140014648437,351.5,352.559997558594,352.559997558594,3486200
2023-11-24,353.160003662109,353.950012207031,353.040008544922,353.799987792969,353.799987792969,1245100
2023-11-27,353.630004882812,354.140014648438,352.779998779297,353.320007324219,353.320007324219,2532400
2023-11-28,353.489990234375,355.140014648437,353.089996337891,354.109985351562,354.109985351562,2759600
2023-11-29,354.970001220703,356.130004882812,354.369995117188,354.649993896484,354.649993896484,2736300
2023-11-30,356.709991455078,360.179992675781,356.450012207031,360,360,4094300
2023-12-01,360.019989013672,363.25,359.859985351562,363.049987792969,363.049987792969,5850900
2023-12-04,361.149993896484,362.950012207031,361.019989013672,362.640014648438,362.640014648438,4211000
